observation_date,LBSSA34,NJURN
1976-01-01,61.2,11.1
1976-02-01,61.2,10.8
1976-03-01,61.2,10.4
1976-04-01,61.3,10.0
1976-05-01,61.4,10.1
1976-06-01,61.5,10.4
1976-07-01,61.6,10.7
1976-08-01,61.7,10.3
1976-09-01,61.7,10.3
1976-10-01,61.7,10.1
1976-11-01,61.8,10.4
1976-12-01,61.9,10.2
1977-01-01,62.1,11.4
1977-02-01,62.2,11.4
1977-03-01,62.3,10.9
1977-04-01,62.3,9.6
1977-05-01,62.3,8.9
1977-06-01,62.3,9.6
1977-07-01,62.2,9.3
1977-08-01,62.2,8.8
1977-09-01,62.2,8.8
1977-10-01,62.2,8.1
1977-11-01,62.2,8.2
1977-12-01,62.2,7.4
1978-01-01,62.2,8.3
1978-02-01,62.2,8.2
1978-03-01,62.3,7.8
1978-04-01,62.5,7.0
1978-05-01,62.7,7.0
1978-06-01,63.0,7.4
1978-07-01,63.2,7.8
1978-08-01,63.4,6.8
1978-09-01,63.6,7.0
1978-10-01,63.8,6.5
1978-11-01,64.0,6.5
1978-12-01,64.2,6.8
1979-01-01,64.3,7.5
1979-02-01,64.3,7.7
1979-03-01,64.2,7.6
1979-04-01,64.2,6.6
1979-05-01,64.1,6.6
1979-06-01,64.1,7.0
1979-07-01,64.2,7.1
1979-08-01,64.3,7.1
1979-09-01,64.5,6.8
1979-10-01,64.6,6.5
1979-11-01,64.5,6.4
1979-12-01,64.5,6.2
1980-01-01,64.4,7.1
1980-02-01,64.3,7.0
1980-03-01,64.3,6.8
1980-04-01,64.2,6.6
1980-05-01,64.2,7.3
1980-06-01,64.2,7.5
1980-07-01,64.1,8.1
1980-08-01,64.1,7.6
1980-09-01,64.1,7.0
1980-10-01,64.0,7.1
1980-11-01,64.0,7.2
1980-12-01,64.1,6.9
1981-01-01,64.1,8.5
1981-02-01,64.2,8.2
1981-03-01,64.2,8.1
1981-04-01,64.2,7.3
1981-05-01,64.0,7.4
1981-06-01,63.8,7.4
1981-07-01,63.6,7.5
1981-08-01,63.3,6.9
1981-09-01,63.2,6.7
1981-10-01,63.1,6.6
1981-11-01,63.2,7.2
1981-12-01,63.2,7.6
1982-01-01,63.3,9.3
1982-02-01,63.4,9.6
1982-03-01,63.5,9.2
1982-04-01,63.5,8.6
1982-05-01,63.5,8.5
1982-06-01,63.5,8.5
1982-07-01,63.5,8.9
1982-08-01,63.5,8.1
1982-09-01,63.5,8.2
1982-10-01,63.5,8.3
1982-11-01,63.5,8.9
1982-12-01,63.4,8.8
1983-01-01,63.3,9.8
1983-02-01,63.2,9.7
1983-03-01,63.1,9.3
1983-04-01,63.2,8.3
1983-05-01,63.3,8.2
1983-06-01,63.6,8.4
1983-07-01,63.9,8.1
1983-08-01,64.1,7.5
1983-09-01,64.3,7.2
1983-10-01,64.5,6.7
1983-11-01,64.6,6.6
1983-12-01,64.7,6.6
1984-01-01,64.9,7.4
1984-02-01,65.1,7.2
1984-03-01,65.4,7.0
1984-04-01,65.5,6.3
1984-05-01,65.6,6.1
1984-06-01,65.6,5.9
1984-07-01,65.5,6.4
1984-08-01,65.4,6.0
1984-09-01,65.3,5.8
1984-10-01,65.2,5.5
1984-11-01,65.1,5.3
1984-12-01,65.2,5.4
1985-01-01,65.3,6.2
1985-02-01,65.4,6.4
1985-03-01,65.5,6.3
1985-04-01,65.5,5.7
1985-05-01,65.5,5.5
1985-06-01,65.4,5.7
1985-07-01,65.4,5.9
1985-08-01,65.4,5.0
1985-09-01,65.5,5.1
1985-10-01,65.6,5.2
1985-11-01,65.7,5.3
1985-12-01,65.7,5.2
1986-01-01,65.7,6.1
1986-02-01,65.6,6.2
1986-03-01,65.6,5.6
1986-04-01,65.6,5.0
1986-05-01,65.6,5.2
1986-06-01,65.6,5.2
1986-07-01,65.6,5.4
1986-08-01,65.7,4.6
1986-09-01,65.7,4.6
1986-10-01,65.7,4.3
1986-11-01,65.6,4.2
1986-12-01,65.6,3.8
1987-01-01,65.7,4.8
1987-02-01,65.8,4.8
1987-03-01,65.9,4.6
1987-04-01,66.0,4.0
1987-05-01,66.1,4.1
1987-06-01,66.1,4.2
1987-07-01,66.2,4.4
1987-08-01,66.2,3.8
1987-09-01,66.1,3.8
1987-10-01,66.1,3.7
1987-11-01,66.1,3.5
1987-12-01,66.0,3.4
1988-01-01,66.0,4.6
1988-02-01,65.9,4.3
1988-03-01,65.9,4.1
1988-04-01,65.8,3.3
1988-05-01,65.8,3.8
1988-06-01,65.8,3.7
1988-07-01,65.8,4.1
1988-08-01,65.8,3.7
1988-09-01,65.9,3.6
1988-10-01,66.0,3.5
1988-11-01,66.0,3.5
1988-12-01,66.1,3.6
1989-01-01,66.1,4.5
1989-02-01,66.1,4.2
1989-03-01,66.1,3.8
1989-04-01,66.0,3.6
1989-05-01,66.0,3.6
1989-06-01,66.0,4.0
1989-07-01,66.1,4.5
1989-08-01,66.3,4.1
1989-09-01,66.4,4.2
1989-10-01,66.5,4.2
1989-11-01,66.6,4.3
1989-12-01,66.7,4.2
1990-01-01,67.1,5.1
1990-02-01,67.1,5.0
1990-03-01,67.1,4.8
1990-04-01,67.1,4.6
1990-05-01,67.1,4.7
1990-06-01,67.0,4.7
1990-07-01,67.0,5.2
1990-08-01,67.0,4.9
1990-09-01,67.1,5.2
1990-10-01,67.0,5.2
1990-11-01,67.0,5.6
1990-12-01,67.0,5.7
1991-01-01,67.0,6.8
1991-02-01,67.0,7.0
1991-03-01,67.0,6.9
1991-04-01,67.0,6.3
1991-05-01,67.0,6.6
1991-06-01,66.9,6.6
1991-07-01,66.9,6.8
1991-08-01,66.8,6.4
1991-09-01,66.8,6.4
1991-10-01,66.8,6.6
1991-11-01,66.9,6.9
1991-12-01,66.9,7.1
1992-01-01,67.0,8.2
1992-02-01,67.1,8.5
1992-03-01,67.2,8.2
1992-04-01,67.3,7.8
1992-05-01,67.0,8.4
1992-06-01,66.8,8.9
1992-07-01,66.6,9.2
1992-08-01,66.4,8.5
1992-09-01,66.3,8.4
1992-10-01,66.1,8.1
1992-11-01,65.9,8.1
1992-12-01,65.8,8.0
1993-01-01,65.7,8.8
1993-02-01,65.7,8.7
1993-03-01,65.7,8.4
1993-04-01,65.7,7.9
1993-05-01,65.6,7.7
1993-06-01,65.6,7.7
1993-07-01,65.6,7.8
1993-08-01,65.5,7.2
1993-09-01,65.5,7.0
1993-10-01,65.5,6.8
1993-11-01,65.5,6.6
1993-12-01,65.6,6.6
1994-01-01,65.6,7.7
1994-02-01,65.6,7.8
1994-03-01,65.6,7.7
1994-04-01,65.6,7.0
1994-05-01,65.7,6.7
1994-06-01,65.7,6.8
1994-07-01,65.9,7.2
1994-08-01,66.0,6.6
1994-09-01,66.1,6.4
1994-10-01,66.2,6.2
1994-11-01,66.3,6.0
1994-12-01,66.4,5.8
1995-01-01,66.4,7.0
1995-02-01,66.4,6.8
1995-03-01,66.5,6.6
1995-04-01,66.5,6.4
1995-05-01,66.5,6.5
1995-06-01,66.6,6.6
1995-07-01,66.6,6.9
1995-08-01,66.6,6.3
1995-09-01,66.6,6.1
1995-10-01,66.5,5.8
1995-11-01,66.5,5.9
1995-12-01,66.5,6.0
1996-01-01,66.6,7.1
1996-02-01,66.7,6.9
1996-03-01,66.8,6.8
1996-04-01,67.0,6.3
1996-05-01,67.1,6.2
1996-06-01,67.3,5.9
1996-07-01,67.4,6.4
1996-08-01,67.6,5.7
1996-09-01,67.7,5.7
1996-10-01,67.8,5.5
1996-11-01,67.9,5.7
1996-12-01,67.9,5.6
1997-01-01,67.9,6.5
1997-02-01,67.9,6.2
1997-03-01,67.9,5.9
1997-04-01,67.8,5.1
1997-05-01,67.8,5.1
1997-06-01,67.8,5.3
1997-07-01,67.7,5.6
1997-08-01,67.6,5.0
1997-09-01,67.5,4.9
1997-10-01,67.4,4.6
1997-11-01,67.4,4.4
1997-12-01,67.3,4.5
1998-01-01,67.2,5.5
1998-02-01,67.2,5.5
1998-03-01,67.1,5.5
1998-04-01,67.0,4.5
1998-05-01,66.9,4.5
1998-06-01,66.8,4.6
1998-07-01,66.7,4.8
1998-08-01,66.7,4.2
1998-09-01,66.6,4.2
1998-10-01,66.7,4.0
1998-11-01,66.7,3.9
1998-12-01,66.8,3.9
1999-01-01,66.8,4.8
1999-02-01,66.9,5.0
1999-03-01,67.0,4.9
1999-04-01,67.1,4.7
1999-05-01,67.2,4.6
1999-06-01,67.2,5.0
1999-07-01,67.2,5.3
1999-08-01,67.1,4.5
1999-09-01,67.0,4.3
1999-10-01,66.9,3.9
1999-11-01,66.9,3.7
1999-12-01,66.8,3.5
2000-01-01,66.8,4.2
2000-02-01,66.8,4.3
2000-03-01,66.8,3.9
2000-04-01,66.7,3.3
2000-05-01,66.6,3.5
2000-06-01,66.5,3.5
2000-07-01,66.4,4.1
2000-08-01,66.3,3.8
2000-09-01,66.3,3.6
2000-10-01,66.2,3.4
2000-11-01,66.2,3.5
2000-12-01,66.1,3.3
2001-01-01,66.0,4.2
2001-02-01,66.0,4.1
2001-03-01,65.9,4.0
2001-04-01,65.9,3.6
2001-05-01,65.9,3.7
2001-06-01,65.9,4.1
2001-07-01,66.0,4.4
2001-08-01,66.1,4.4
2001-09-01,66.2,4.3
2001-10-01,66.3,4.5
2001-11-01,66.4,4.8
2001-12-01,66.6,5.0
2002-01-01,66.6,6.0
2002-02-01,66.7,6.0
2002-03-01,66.7,6.1
2002-04-01,66.6,5.7
2002-05-01,66.6,5.6
2002-06-01,66.5,5.9
2002-07-01,66.5,6.1
2002-08-01,66.4,5.6
2002-09-01,66.4,5.5
2002-10-01,66.4,5.5
2002-11-01,66.3,5.7
2002-12-01,66.3,5.6
2003-01-01,66.2,6.4
2003-02-01,66.2,6.3
2003-03-01,66.2,6.2
2003-04-01,66.2,5.7
2003-05-01,66.2,5.8
2003-06-01,66.2,6.2
2003-07-01,66.1,6.4
2003-08-01,66.1,5.7
2003-09-01,66.0,5.7
2003-10-01,66.0,5.4
2003-11-01,66.0,5.2
2003-12-01,66.1,5.0
2004-01-01,66.1,5.9
2004-02-01,66.1,5.7
2004-03-01,66.1,5.6
2004-04-01,66.0,5.0
2004-05-01,66.0,4.7
2004-06-01,65.9,5.0
2004-07-01,65.9,5.2
2004-08-01,65.8,4.5
2004-09-01,65.7,4.4
2004-10-01,65.6,4.2
2004-11-01,65.6,4.0
2004-12-01,65.6,3.9
2005-01-01,65.7,4.7
2005-02-01,65.7,5.1
2005-03-01,65.8,4.8
2005-04-01,66.0,4.0
2005-05-01,66.1,4.0
2005-06-01,66.3,4.3
2005-07-01,66.4,4.7
2005-08-01,66.5,4.2
2005-09-01,66.6,4.5
2005-10-01,66.5,4.3
2005-11-01,66.6,4.7
2005-12-01,66.6,4.6
2006-01-01,66.6,5.2
2006-02-01,66.6,5.4
2006-03-01,66.7,5.1
2006-04-01,66.7,4.9
2006-05-01,66.8,4.8
2006-06-01,66.8,4.8
2006-07-01,66.8,5.3
2006-08-01,66.9,4.7
2006-09-01,66.9,4.5
2006-10-01,66.8,3.9
2006-11-01,66.8,4.1
2006-12-01,66.7,3.9
2007-01-01,66.6,4.8
2007-02-01,66.5,4.7
2007-03-01,66.4,4.4
2007-04-01,66.3,4.2
2007-05-01,66.3,4.1
2007-06-01,66.3,4.2
2007-07-01,66.3,4.7
2007-08-01,66.3,4.1
2007-09-01,66.4,4.1
2007-10-01,66.5,3.9
2007-11-01,66.6,4.0
2007-12-01,66.7,4.3
2008-01-01,66.8,5.1
2008-02-01,66.9,5.1
2008-03-01,66.9,5.0
2008-04-01,66.9,4.5
2008-05-01,66.9,4.9
2008-06-01,67.0,5.1
2008-07-01,67.0,5.6
2008-08-01,67.1,5.4
2008-09-01,67.1,5.4
2008-10-01,67.1,5.5
2008-11-01,67.2,5.8
2008-12-01,67.2,6.6
2009-01-01,67.2,8.0
2009-02-01,67.3,8.6
2009-03-01,67.4,8.8
2009-04-01,67.5,8.5
2009-05-01,67.5,8.8
2009-06-01,67.5,9.3
2009-07-01,67.4,9.7
2009-08-01,67.3,9.3
2009-09-01,67.2,9.5
2009-10-01,67.0,9.4
2009-11-01,67.0,9.3
2009-12-01,66.9,9.5
2010-01-01,67.0,10.3
2010-02-01,67.0,10.3
2010-03-01,67.1,10.1
2010-04-01,66.4,9.4
2010-05-01,66.4,9.2
2010-06-01,66.3,9.3
2010-07-01,66.2,9.8
2010-08-01,66.1,9.3
2010-09-01,66.1,9.2
2010-10-01,66.0,9.0
2010-11-01,66.0,9.2
2010-12-01,66.0,9.1
2011-01-01,66.0,10.0
2011-02-01,66.0,9.9
2011-03-01,66.0,9.7
2011-04-01,66.0,9.1
2011-05-01,65.9,9.2
2011-06-01,65.9,9.5
2011-07-01,65.9,9.7
2011-08-01,66.0,9.2
2011-09-01,66.0,9.2
2011-10-01,66.1,9.0
2011-11-01,66.1,8.8
2011-12-01,66.1,8.9
2012-01-01,66.0,9.6
2012-02-01,66.0,9.7
2012-03-01,66.0,9.5
2012-04-01,66.0,9.2
2012-05-01,66.0,9.3
2012-06-01,66.0,9.6
2012-07-01,66.0,10.0
2012-08-01,66.0,9.4
2012-09-01,66.0,9.0
2012-10-01,66.1,8.9
2012-11-01,66.1,9.0
2012-12-01,66.0,8.9
2013-01-01,66.0,9.7
2013-02-01,65.8,9.3
2013-03-01,65.7,8.7
2013-04-01,65.5,8.1
2013-05-01,65.5,8.4
2013-06-01,65.4,8.7
2013-07-01,65.3,8.7
2013-08-01,65.1,8.1
2013-09-01,64.9,7.8
2013-10-01,64.7,7.6
2013-11-01,64.5,6.9
2013-12-01,64.5,6.7
2014-01-01,63.9,7.5
2014-02-01,63.9,7.7
2014-03-01,64.0,7.4
2014-04-01,64.0,6.2
2014-05-01,64.0,6.6
2014-06-01,64.1,6.6
2014-07-01,64.1,7.3
2014-08-01,64.2,6.9
2014-09-01,64.3,6.5
2014-10-01,64.3,6.3
2014-11-01,64.3,6.2
2014-12-01,64.3,6.0
2015-01-01,64.3,7.0
2015-02-01,64.2,6.9
2015-03-01,64.2,6.5
2015-04-01,64.2,5.8
2015-05-01,64.1,6.1
2015-06-01,64.0,6.0
2015-07-01,63.9,6.3
2015-08-01,63.8,5.6
2015-09-01,63.8,5.2
2015-10-01,63.7,4.9
2015-11-01,63.7,4.7
2015-12-01,63.8,4.6
2016-01-01,63.8,5.2
2016-02-01,63.8,5.4
2016-03-01,63.8,5.4
2016-04-01,63.7,4.9
2016-05-01,63.7,4.9
2016-06-01,63.6,5.2
2016-07-01,63.6,5.5
2016-08-01,63.6,5.1
2016-09-01,63.5,4.9
2016-10-01,63.5,4.6
2016-11-01,63.4,4.2
2016-12-01,63.4,4.3
2017-01-01,63.3,5.0
2017-02-01,63.3,5.0
2017-03-01,63.3,4.6
2017-04-01,63.2,4.3
2017-05-01,63.2,4.4
2017-06-01,63.2,4.6
2017-07-01,63.1,5.1
2017-08-01,63.1,5.0
2017-09-01,63.0,4.7
2017-10-01,62.9,4.4
2017-11-01,62.8,4.3
2017-12-01,62.7,4.1
2018-01-01,62.6,5.0
2018-02-01,62.6,5.0
2018-03-01,62.5,4.6
2018-04-01,62.5,4.0
2018-05-01,62.4,3.9
2018-06-01,62.4,4.4
2018-07-01,62.4,4.6
2018-08-01,62.3,4.2
2018-09-01,62.4,3.8
2018-10-01,62.4,3.5
2018-11-01,62.4,3.3
2018-12-01,62.4,3.6
2019-01-01,62.5,4.6
2019-02-01,62.6,4.7
2019-03-01,62.7,4.1
2019-04-01,62.7,2.9
2019-05-01,62.6,3.0
2019-06-01,62.5,3.0
2019-07-01,62.6,3.5
2019-08-01,62.7,3.4
